Company,Role,Location,Link
Genentech,Operations Rotation Development Program,"South San Francisco / Oceanside / Vacaville, CA",https://careers.gene.com/us/en/operations-rotation-development-program-ordp-
Genentech,Process Development Rotation Program,"South San Francisco, CA",https://careers.gene.com/us/en/process-development-rotation-program-pdrp
Genentech,Spring 2027 Clinical Manufacturing Intern,"South San Francisco, CA",https://careers.gene.com/us/en/job/202609-122477/2027-Spring-Intern-Pharma-Technical-Development-Global-Clinical-Manufacturing-Network
Northwestern Medicine,2027 Information Services Internship,"Chicago, IL",https://jobs.nm.org/job/chicago/information-services-intern-summer-2027/27763/99976192048
Memorial Sloan Kettering Cancer Center,MSK Bridge Postbaccalaureate Program,"New York, NY",https://www.mskcc.org/msk-bridge
National Institutes of Health,Postbac Intramural Research Training Award,"Bethesda, MD",https://www.training.nih.gov/research-training/pb/pb/
National Cancer Institute,Cancer Research Training Award,"Bethesda / Frederick, MD",https://www.cancer.gov/grants-training/training/at-nci/crta
Johns Hopkins University,Post-Baccalaureate Research Education Program,"Baltimore, MD",https://www.hopkinsmedicine.org/som/pathway/post-baccalaureate-research-education-program
Pfizer,Early-Career and Rotational Programs,New York / New Jersey / Boston,https://www.pfizer.com/about/careers/en-gb/early-careers
UCSF,Research Data Analyst,"San Francisco, CA",https://careers.ucsf.edu/careers/JobDetail/San-Francisco-CA-United-States/3855
UCSF,Assistant Clinical Research Coordinator — JJBH,"San Francisco, CA",https://careers.ucsf.edu/careers/JobDetail/San-Francisco-CA-United-States/3389
UCSF,Assistant Clinical Research Coordinator — Pediatric CHAMP,"San Francisco, CA",https://careers.ucsf.edu/careers/JobDetail/San-Francisco-CA-United-States/3900
Amgen,Process Development Associate,"Thousand Oaks, CA",https://careers.amgen.com/en/job/thousand-oaks/process-development-associate/87/100149222832
Debut Biotechnology,Research Associate — Fermentation,"San Diego, CA",https://job-boards.greenhouse.io/debutbiotech25/jobs/5199112007
University of Chicago,Lab Assistant,"Chicago, IL",https://uchicago.wd5.myworkdayjobs.com/en-US/External/job/Chicago-IL/Lab-Assistant_JR35100
University of Chicago,Clinical Research Coordinator I,"Chicago, IL",https://uchicago.wd5.myworkdayjobs.com/en-US/External/job/Chicago-IL/Clinical-Research-Coordinator-1---Gastroenterology--Transplant_JR34756
University of Chicago,Research Analyst,"Chicago, IL",https://uchicago.wd5.myworkdayjobs.com/en-US/external/job/Chicago-IL/Research-Analyst_JR35109
Brigham and Women's Hospital,Clinical Research Coordinator I — Anesthesia Research Center,"Boston, MA",https://massgeneralbrigham.wd1.myworkdayjobs.com/en-US/MGBExternal/job/20-Shattuck-Street--Boston-Thorn-Research-Building/Clinical-Research-Coordinator-I_RQ4073583
Massachusetts General Hospital,Clinical Research Coordinator I — RESPOND Lab,"Boston, MA",https://massgeneralbrigham.wd1.myworkdayjobs.com/en-US/MGBExternal/job/Boston-MA/Clinical-Research-Coordinator-I_RQ4077813
Mass Eye and Ear,Research Lab Technician I — Human Neuroimaging,"Boston, MA",https://massgeneralbrigham.wd1.myworkdayjobs.com/en-US/MGBExternal/job/Boston-MA/Research-Lab-Tech-I---Human-Neuroimaging--Simonyan-Research-_RQ4078578
Moderna,Manufacturing Associate II — Process Development,"Norwood, MA",https://modernatx.wd1.myworkdayjobs.com/en-US/M_tx/job/Norwood-Massachusetts/Manufacturing-Associate-II--Process-Development_R19693
Regeneron,Process Development Associate — Synthetic and Bioconjugation Scale-Up,"Tarrytown, NY",https://careers.regeneron.com/en/jobs/r47542/process-development-associate-synthetic-and-bioconjugation-scale-up-technologies-sbst-1-of-2/
Johns Hopkins University,Research Technologist — Molecular Microbiology and Immunology,"Baltimore, MD",https://jobs.jhu.edu/job/Baltimore-Research-Technologist-MD-21218/1289049500/
"University of Maryland, Baltimore",Clinical Research Assistant — Orthopaedics/Trauma,"Baltimore, MD",https://umb.taleo.net/careersection/umb_external_staff/jobdetail.ftl?job=260000Q2&lang=en
"University of Maryland, Baltimore",Clinical Research Assistant — Psychiatry Addiction Research,"Baltimore, MD",https://umb.taleo.net/careersection/umb_external_staff/jobdetail.ftl?job=260000EP&lang=en
Quest Diagnostics,Specimen Technician I,"Gaithersburg, MD",https://careers.questdiagnostics.com/job/gaithersburg/specimen-technician-i/38852/99672411152
